<?xml version="1.0" encoding="UTF-8"?>
<project xmlns="http://www.netbeans.org/ns/project/1">
    <type>com.microchip.mplab.nbide.embedded.makeproject</type>
    <configuration>
        <data xmlns="http://www.netbeans.org/ns/make-project/1">
            <name>uCQ_THU_AddOn</name>
            <creation-uuid>81cf8f0e-3a12-4d27-aae7-7be363cd85fc</creation-uuid>
            <make-project-type>0</make-project-type>
            <sourceEncoding>ISO-8859-1</sourceEncoding>
            <make-dep-projects/>
            <sourceRootList>
                <sourceRootElem>../../C-LIB/HS-Ulm/MPU6000</sourceRootElem>
                <sourceRootElem>../../C-LIB/HS-Ulm/GPS</sourceRootElem>
                <sourceRootElem>../../C-LIB/HS-Ulm/HSUprot</sourceRootElem>
                <sourceRootElem>../../C-LIB/HS-Ulm/uCQuick</sourceRootElem>
                <sourceRootElem>../../C-LIB/HS-Ulm/MPUxxxx</sourceRootElem>
                <sourceRootElem>../../C-LIB/HS-Ulm/BMPxxx</sourceRootElem>
                <sourceRootElem>../../C-LIB/HS-Ulm/PLIB</sourceRootElem>
                <sourceRootElem>../../C-LIB/HS-Ulm/DS18x20</sourceRootElem>
                <sourceRootElem>../../C-LIB/HS-Ulm/rgbLED</sourceRootElem>
                <sourceRootElem>../../C-LIB/HS-Ulm/SHT21</sourceRootElem>
                <sourceRootElem>../C-LIB/THU/MPU6000</sourceRootElem>
                <sourceRootElem>../C-LIB/THU/GPS</sourceRootElem>
                <sourceRootElem>../C-LIB/THU/HSUprot</sourceRootElem>
                <sourceRootElem>../C-LIB/THU/uCQuick</sourceRootElem>
                <sourceRootElem>../C-LIB/THU/MPUxxxx</sourceRootElem>
                <sourceRootElem>../C-LIB/THU/BMPxxx</sourceRootElem>
                <sourceRootElem>../C-LIB/THU/PLIB</sourceRootElem>
                <sourceRootElem>../C-LIB/THU/DS18x20</sourceRootElem>
                <sourceRootElem>../C-LIB/THU/rgbLED</sourceRootElem>
                <sourceRootElem>../C-LIB/THU/SHT21</sourceRootElem>
                <sourceRootElem>../_C-LIB/THU/MPU6000</sourceRootElem>
                <sourceRootElem>../_C-LIB/THU/GPS</sourceRootElem>
                <sourceRootElem>../_C-LIB/THU/HSUprot</sourceRootElem>
                <sourceRootElem>../_C-LIB/THU/uCQuick</sourceRootElem>
                <sourceRootElem>../_C-LIB/THU/MPUxxxx</sourceRootElem>
                <sourceRootElem>../_C-LIB/THU/BMPxxx</sourceRootElem>
                <sourceRootElem>../_C-LIB/THU/PLIB</sourceRootElem>
                <sourceRootElem>../_C-LIB/THU/DS18x20</sourceRootElem>
                <sourceRootElem>../_C-LIB/THU/rgbLED</sourceRootElem>
                <sourceRootElem>../_C-LIB/THU/SHT21</sourceRootElem>
                <sourceRootElem>../_C_LIB/THU/MPU6000</sourceRootElem>
                <sourceRootElem>../_C_LIB/THU/GPS</sourceRootElem>
                <sourceRootElem>../_C_LIB/THU/HSUprot</sourceRootElem>
                <sourceRootElem>../_C_LIB/THU/uCQuick</sourceRootElem>
                <sourceRootElem>../_C_LIB/THU/MPUxxxx</sourceRootElem>
                <sourceRootElem>../_C_LIB/THU/BMPxxx</sourceRootElem>
                <sourceRootElem>../_C_LIB/THU/PLIB</sourceRootElem>
                <sourceRootElem>../_C_LIB/THU/DS18x20</sourceRootElem>
                <sourceRootElem>../_C_LIB/THU/rgbLED</sourceRootElem>
                <sourceRootElem>../_C_LIB/THU/SHT21</sourceRootElem>
                <sourceRootElem>../_C_LIB/THU/LCD</sourceRootElem>
                <sourceRootElem>.</sourceRootElem>
            </sourceRootList>
            <confList>
                <confElem>
                    <name>Others</name>
                    <type>2</type>
                </confElem>
                <confElem>
                    <name>SHT21</name>
                    <type>2</type>
                </confElem>
                <confElem>
                    <name>MPU6000</name>
                    <type>2</type>
                </confElem>
                <confElem>
                    <name>ACC_CIRCLE</name>
                    <type>2</type>
                </confElem>
                <confElem>
                    <name>ENCODER_CIRCLE</name>
                    <type>2</type>
                </confElem>
                <confElem>
                    <name>DS18B20</name>
                    <type>2</type>
                </confElem>
                <confElem>
                    <name>SRF05</name>
                    <type>2</type>
                </confElem>
                <confElem>
                    <name>SRF04</name>
                    <type>2</type>
                </confElem>
                <confElem>
                    <name>RGB_LED</name>
                    <type>2</type>
                </confElem>
                <confElem>
                    <name>NEOPIXEL_24</name>
                    <type>2</type>
                </confElem>
                <confElem>
                    <name>APA102_LED</name>
                    <type>2</type>
                </confElem>
                <confElem>
                    <name>DCF_77</name>
                    <type>2</type>
                </confElem>
                <confElem>
                    <name>GPS_NMEA</name>
                    <type>2</type>
                </confElem>
                <confElem>
                    <name>BMP280</name>
                    <type>2</type>
                </confElem>
            </confList>
            <formatting>
                <project-formatting-style>false</project-formatting-style>
            </formatting>
        </data>
    </configuration>
</project>
